-- --------------------------------------------------------
-- Hôte :                        localhost
-- Version du serveur:           5.7.24 - MySQL Community Server (GPL)
-- SE du serveur:                Win64
-- HeidiSQL Version:             10.2.0.5599
-- --------------------------------------------------------

/*!40101 SET @OLD_CHARACTER_SET_CLIENT=@@CHARACTER_SET_CLIENT */;
/*!40101 SET NAMES utf8 */;
/*!50503 SET NAMES utf8mb4 */;
/*!40014 SET @OLD_FOREIGN_KEY_CHECKS=@@FOREIGN_KEY_CHECKS, FOREIGN_KEY_CHECKS=0 */;
/*!40101 SET @OLD_SQL_MODE=@@SQL_MODE, SQL_MODE='NO_AUTO_VALUE_ON_ZERO' */;


-- Listage de la structure de la base pour roost
DROP DATABASE IF EXISTS `roost`;
CREATE DATABASE IF NOT EXISTS `roost` /*!40100 DEFAULT CHARACTER SET utf8 */;
USE `roost`;

-- Listage de la structure de la table roost. cart
DROP TABLE IF EXISTS `cart`;
CREATE TABLE IF NOT EXISTS `cart` (
  `id` int(11) NOT NULL AUTO_INCREMENT,
  `product_id` int(11) NOT NULL,
  `ref_order_id` int(11) NOT NULL,
  `quantity` int(11) NOT NULL,
  `price` double NOT NULL,
  `reduced_price` double DEFAULT NULL,
  `amount` double NOT NULL,
  PRIMARY KEY (`id`),
  KEY `IDX_BA388B74584665A` (`product_id`),
  KEY `IDX_BA388B7B88ABBF` (`ref_order_id`),
  CONSTRAINT `FK_BA388B74584665A` FOREIGN KEY (`product_id`) REFERENCES `product` (`id`),
  CONSTRAINT `FK_BA388B7B88ABBF` FOREIGN KEY (`ref_order_id`) REFERENCES `order` (`id`)
) ENGINE=InnoDB AUTO_INCREMENT=244 DEFAULT CHARSET=utf8mb4 COLLATE=utf8mb4_unicode_ci;

-- Listage des données de la table roost.cart : ~108 rows (environ)
/*!40000 ALTER TABLE `cart` DISABLE KEYS */;
INSERT INTO `cart` (`id`, `product_id`, `ref_order_id`, `quantity`, `price`, `reduced_price`, `amount`) VALUES
	(121, 63, 11, 1, 107, NULL, 107),
	(122, 109, 18, 1, 504, NULL, 504),
	(123, 108, 11, 1, 1019, NULL, 1019),
	(124, 63, 13, 1, 148, NULL, 148),
	(125, 90, 19, 1, 1473, NULL, 1473),
	(126, 74, 18, 1, 1208, NULL, 1208),
	(127, 99, 17, 1, 729, NULL, 729),
	(128, 96, 18, 1, 11, NULL, 11),
	(129, 87, 20, 1, 1892, NULL, 1892),
	(130, 63, 13, 1, 1801, NULL, 1801),
	(131, 102, 11, 1, 164, NULL, 164),
	(132, 78, 16, 1, 600, NULL, 600),
	(133, 85, 17, 1, 635, NULL, 635),
	(134, 72, 15, 1, 499, NULL, 499),
	(135, 82, 18, 1, 252, NULL, 252),
	(136, 108, 20, 1, 132, NULL, 132),
	(137, 112, 11, 1, 1159, NULL, 1159),
	(138, 93, 19, 1, 318, NULL, 318),
	(139, 89, 15, 1, 313, NULL, 313),
	(140, 84, 14, 1, 970, NULL, 970),
	(141, 70, 17, 1, 424, NULL, 424),
	(142, 119, 15, 1, 736, NULL, 736),
	(143, 110, 14, 1, 1714, NULL, 1714),
	(144, 62, 14, 1, 531, NULL, 531),
	(145, 65, 17, 1, 961, NULL, 961),
	(146, 110, 17, 1, 305, NULL, 305),
	(147, 64, 18, 1, 1057, NULL, 1057),
	(148, 105, 13, 1, 1394, NULL, 1394),
	(150, 95, 14, 1, 750, NULL, 750),
	(151, 87, 14, 1, 1036, NULL, 1036),
	(152, 114, 13, 1, 1132, NULL, 1132),
	(153, 118, 19, 1, 1194, NULL, 1194),
	(155, 111, 18, 1, 995, NULL, 995),
	(157, 116, 17, 1, 307, NULL, 307),
	(159, 109, 16, 1, 269, NULL, 269),
	(160, 119, 18, 1, 819, NULL, 819),
	(161, 94, 19, 1, 1813, NULL, 1813),
	(163, 66, 20, 1, 1172, NULL, 1172),
	(164, 102, 14, 1, 1010, NULL, 1010),
	(167, 72, 17, 1, 449, NULL, 449),
	(168, 97, 16, 1, 1546, NULL, 1546),
	(169, 105, 15, 1, 1113, NULL, 1113),
	(170, 118, 14, 1, 1747, NULL, 1747),
	(171, 74, 17, 1, 373, NULL, 373),
	(172, 77, 17, 1, 809, NULL, 809),
	(173, 80, 14, 1, 12, NULL, 12),
	(174, 106, 16, 1, 264, NULL, 264),
	(176, 67, 15, 1, 1039, NULL, 1039),
	(177, 89, 19, 1, 875, NULL, 875),
	(178, 76, 17, 1, 1821, NULL, 1821),
	(179, 83, 18, 1, 621, NULL, 621),
	(181, 77, 13, 1, 1482, NULL, 1482),
	(182, 89, 18, 1, 1640, NULL, 1640),
	(183, 92, 17, 1, 801, NULL, 801),
	(185, 73, 18, 1, 1178, NULL, 1178),
	(186, 104, 15, 1, 1150, NULL, 1150),
	(187, 107, 12, 1, 1632, NULL, 1632),
	(188, 76, 17, 1, 1782, NULL, 1782),
	(189, 62, 14, 1, 1617, NULL, 1617),
	(190, 64, 20, 1, 1231, NULL, 1231),
	(191, 63, 14, 1, 697, NULL, 697),
	(192, 78, 15, 1, 1273, NULL, 1273),
	(193, 95, 19, 1, 1017, NULL, 1017),
	(194, 115, 17, 1, 1122, NULL, 1122),
	(196, 83, 17, 1, 1748, NULL, 1748),
	(197, 75, 15, 1, 1879, NULL, 1879),
	(198, 84, 18, 1, 606, NULL, 606),
	(199, 113, 14, 1, 1745, NULL, 1745),
	(200, 66, 14, 1, 995, NULL, 995),
	(201, 108, 17, 1, 1440, NULL, 1440),
	(202, 68, 19, 1, 318, NULL, 318),
	(203, 75, 18, 1, 902, NULL, 902),
	(205, 68, 15, 1, 365, NULL, 365),
	(206, 108, 14, 1, 1611, NULL, 1611),
	(207, 74, 15, 1, 758, NULL, 758),
	(208, 80, 18, 1, 1267, NULL, 1267),
	(210, 72, 18, 1, 1695, NULL, 1695),
	(211, 102, 15, 1, 599, NULL, 599),
	(213, 112, 14, 1, 1205, NULL, 1205),
	(214, 109, 13, 1, 215, NULL, 215),
	(215, 109, 13, 1, 673, NULL, 673),
	(216, 92, 17, 1, 612, NULL, 612),
	(217, 98, 12, 1, 1465, NULL, 1465),
	(218, 61, 19, 1, 1287, NULL, 1287),
	(219, 80, 12, 1, 1858, NULL, 1858),
	(220, 89, 17, 1, 817, NULL, 817),
	(221, 90, 17, 1, 23, NULL, 23),
	(222, 120, 16, 1, 556, NULL, 556),
	(223, 64, 14, 1, 408, NULL, 408),
	(224, 98, 13, 1, 1267, NULL, 1267),
	(225, 90, 20, 1, 1122, NULL, 1122),
	(227, 83, 20, 1, 1570, NULL, 1570),
	(228, 65, 17, 1, 1833, NULL, 1833),
	(229, 68, 18, 1, 1293, NULL, 1293),
	(230, 114, 15, 1, 1495, NULL, 1495),
	(231, 90, 15, 1, 744, NULL, 744),
	(232, 111, 14, 1, 616, NULL, 616),
	(233, 90, 13, 1, 25, NULL, 25),
	(234, 100, 13, 1, 54, NULL, 54),
	(235, 96, 15, 1, 30, NULL, 30),
	(236, 88, 16, 1, 209, NULL, 209),
	(237, 68, 13, 1, 1482, NULL, 1482),
	(238, 66, 18, 1, 302, NULL, 302),
	(239, 107, 19, 1, 1850, NULL, 1850),
	(240, 114, 13, 1, 1347, NULL, 1347),
	(241, 74, 21, 1, 1073, 1040.8, 1259.4),
	(242, 85, 21, 1, 457, 242.2, 293.1),
	(243, 100, 21, 1, 667, 587, 710.3);
/*!40000 ALTER TABLE `cart` ENABLE KEYS */;

-- Listage de la structure de la table roost. category
DROP TABLE IF EXISTS `category`;
CREATE TABLE IF NOT EXISTS `category` (
  `id` int(11) NOT NULL AUTO_INCREMENT,
  `name` varchar(255) COLLATE utf8mb4_unicode_ci NOT NULL,
  `slug` varchar(255) COLLATE utf8mb4_unicode_ci NOT NULL,
  PRIMARY KEY (`id`)
) ENGINE=InnoDB AUTO_INCREMENT=13 DEFAULT CHARSET=utf8mb4 COLLATE=utf8mb4_unicode_ci;

-- Listage des données de la table roost.category : ~6 rows (environ)
/*!40000 ALTER TABLE `category` DISABLE KEYS */;
INSERT INTO `category` (`id`, `name`, `slug`) VALUES
	(7, 'Arts de la table', 'arts-de-la-table'),
	(8, 'Décoration', 'decoration'),
	(9, 'Linge de maison et tapis', 'linge-de-maison-et-tapis'),
	(10, 'Luminaires', 'luminaires'),
	(11, 'Meubles', 'meubles'),
	(12, 'Plantes d\'interieur', 'plantes-d-interieur');
/*!40000 ALTER TABLE `category` ENABLE KEYS */;

-- Listage de la structure de la table roost. doctrine_migration_versions
DROP TABLE IF EXISTS `doctrine_migration_versions`;
CREATE TABLE IF NOT EXISTS `doctrine_migration_versions` (
  `version` varchar(191) COLLATE utf8_unicode_ci NOT NULL,
  `executed_at` datetime DEFAULT NULL,
  `execution_time` int(11) DEFAULT NULL,
  PRIMARY KEY (`version`)
) ENGINE=InnoDB DEFAULT CHARSET=utf8 COLLATE=utf8_unicode_ci;

-- Listage des données de la table roost.doctrine_migration_versions : ~1 rows (environ)
/*!40000 ALTER TABLE `doctrine_migration_versions` DISABLE KEYS */;
INSERT INTO `doctrine_migration_versions` (`version`, `executed_at`, `execution_time`) VALUES
	('DoctrineMigrations\\Version20210416213142', '2021-04-16 21:31:57', 774);
/*!40000 ALTER TABLE `doctrine_migration_versions` ENABLE KEYS */;

-- Listage de la structure de la table roost. image_product
DROP TABLE IF EXISTS `image_product`;
CREATE TABLE IF NOT EXISTS `image_product` (
  `id` int(11) NOT NULL AUTO_INCREMENT,
  `product_id` int(11) DEFAULT NULL,
  `file` varchar(255) COLLATE utf8mb4_unicode_ci NOT NULL,
  `created_at` datetime NOT NULL,
  `updated_at` datetime NOT NULL,
  PRIMARY KEY (`id`),
  KEY `IDX_465A53714584665A` (`product_id`),
  CONSTRAINT `FK_465A53714584665A` FOREIGN KEY (`product_id`) REFERENCES `product` (`id`)
) ENGINE=InnoDB AUTO_INCREMENT=184 DEFAULT CHARSET=utf8mb4 COLLATE=utf8mb4_unicode_ci;

-- Listage des données de la table roost.image_product : ~63 rows (environ)
/*!40000 ALTER TABLE `image_product` DISABLE KEYS */;
INSERT INTO `image_product` (`id`, `product_id`, `file`, `created_at`, `updated_at`) VALUES
	(121, 61, 'miroirs-ronds-d25-x3-1000-3-5-211483_2.jpg', '2021-01-18 05:34:54', '2021-04-17 12:44:40'),
	(122, 62, 'image-produit-1-1.jpg', '2020-11-02 14:21:21', '2020-11-02 14:21:21'),
	(123, 63, 'image-produit-2-1.jpg', '2020-11-23 18:49:51', '2020-11-23 18:49:51'),
	(124, 64, 'image-produit-3-1.jpg', '2020-10-16 20:49:11', '2020-10-16 20:49:11'),
	(125, 65, 'image-produit-4-1.jpg', '2021-03-21 01:03:58', '2021-03-21 01:03:58'),
	(126, 66, 'image-produit-5-1.jpg', '2021-01-13 00:02:18', '2021-01-13 00:02:18'),
	(127, 67, 'image-produit-6-1.jpg', '2021-03-18 08:27:33', '2021-03-18 08:27:33'),
	(128, 68, 'image-produit-7-1.jpg', '2020-10-03 11:53:20', '2020-10-03 11:53:20'),
	(129, 69, 'image-produit-8-1.jpg', '2021-03-27 12:32:10', '2021-03-27 12:32:10'),
	(130, 70, 'image-produit-9-1.jpg', '2021-01-28 01:18:30', '2021-01-28 01:18:30'),
	(131, 71, 'image-produit-10-1.jpg', '2020-10-25 09:16:04', '2020-10-25 09:16:04'),
	(132, 72, 'image-produit-11-1.jpg', '2020-09-22 03:29:57', '2020-09-22 03:29:57'),
	(133, 73, 'image-produit-12-1.jpg', '2020-09-20 02:01:42', '2020-09-20 02:01:42'),
	(134, 74, 'image-produit-13-1.jpg', '2021-04-12 23:10:09', '2021-04-12 23:10:09'),
	(135, 75, 'image-produit-14-1.jpg', '2020-09-03 05:15:09', '2020-09-03 05:15:09'),
	(136, 76, 'image-produit-15-1.jpg', '2021-01-24 11:31:46', '2021-01-24 11:31:46'),
	(137, 77, 'image-produit-16-1.jpg', '2020-10-21 00:39:54', '2020-10-21 00:39:54'),
	(138, 78, 'image-produit-17-1.jpg', '2021-03-13 19:08:51', '2021-03-13 19:08:51'),
	(139, 79, 'image-produit-18-1.jpg', '2021-03-29 05:44:29', '2021-03-29 05:44:29'),
	(140, 80, 'image-produit-19-1.jpg', '2020-10-19 09:51:44', '2020-10-19 09:51:44'),
	(141, 81, 'image-produit-20-1.jpg', '2020-10-17 17:51:03', '2020-10-17 17:51:03'),
	(142, 82, 'image-produit-21-1.jpg', '2021-02-14 20:36:18', '2021-02-14 20:36:18'),
	(143, 83, 'image-produit-22-1.jpg', '2021-03-05 16:48:29', '2021-03-05 16:48:29'),
	(144, 84, 'image-produit-23-1.jpg', '2021-01-16 16:01:11', '2021-01-16 16:01:11'),
	(145, 85, 'image-produit-24-1.jpg', '2021-04-10 02:27:42', '2021-04-10 02:27:42'),
	(146, 86, 'image-produit-25-1.jpg', '2021-02-27 06:07:58', '2021-02-27 06:07:58'),
	(147, 87, 'image-produit-26-1.jpg', '2021-02-22 17:51:44', '2021-02-22 17:51:44'),
	(148, 88, 'image-produit-27-1.jpg', '2020-12-03 02:17:30', '2020-12-03 02:17:30'),
	(149, 89, 'image-produit-28-1.jpg', '2021-04-01 12:31:16', '2021-04-01 12:31:16'),
	(150, 90, 'image-produit-29-1.jpg', '2020-09-09 21:36:20', '2020-09-09 21:36:20'),
	(151, 91, 'image-produit-30-1.jpg', '2020-09-29 04:33:09', '2020-09-29 04:33:09'),
	(152, 92, 'image-produit-31-1.jpg', '2021-03-11 10:16:40', '2021-03-11 10:16:40'),
	(153, 93, 'image-produit-32-1.jpg', '2020-12-19 08:16:33', '2020-12-19 08:16:33'),
	(154, 94, 'image-produit-33-1.jpg', '2020-12-29 11:17:18', '2020-12-29 11:17:18'),
	(155, 95, 'image-produit-34-1.jpg', '2020-10-24 12:44:50', '2020-10-24 12:44:50'),
	(156, 96, 'image-produit-35-1.jpg', '2021-03-27 05:11:40', '2021-03-27 05:11:40'),
	(157, 97, 'image-produit-36-1.jpg', '2020-09-19 23:36:12', '2020-09-19 23:36:12'),
	(158, 98, 'image-produit-37-1.jpg', '2020-09-28 13:28:16', '2020-09-28 13:28:16'),
	(159, 99, 'image-produit-38-1.jpg', '2021-02-09 08:51:05', '2021-02-09 08:51:05'),
	(160, 100, 'image-produit-39-1.jpg', '2021-04-04 14:47:48', '2021-04-04 14:47:48'),
	(161, 101, 'image-produit-40-1.jpg', '2020-11-05 04:40:59', '2020-11-05 04:40:59'),
	(162, 102, 'image-produit-41-1.jpg', '2020-12-30 04:06:50', '2020-12-30 04:06:50'),
	(163, 103, 'image-produit-42-1.jpg', '2020-12-26 03:34:05', '2020-12-26 03:34:05'),
	(164, 104, 'image-produit-43-1.jpg', '2020-11-17 22:05:38', '2020-11-17 22:05:38'),
	(165, 105, 'image-produit-44-1.jpg', '2020-12-09 18:01:44', '2020-12-09 18:01:44'),
	(166, 106, 'image-produit-45-1.jpg', '2021-01-29 21:30:59', '2021-01-29 21:30:59'),
	(167, 107, 'image-produit-46-1.jpg', '2021-03-31 04:36:20', '2021-03-31 04:36:20'),
	(168, 108, 'image-produit-47-1.jpg', '2020-10-30 05:58:49', '2020-10-30 05:58:49'),
	(169, 109, 'image-produit-48-1.jpg', '2020-10-10 19:13:34', '2020-10-10 19:13:34'),
	(170, 110, 'image-produit-49-1.jpg', '2020-12-21 00:37:31', '2020-12-21 00:37:31'),
	(171, 111, 'image-produit-50-1.jpg', '2020-11-05 03:39:18', '2020-11-05 03:39:18'),
	(172, 112, 'image-produit-51-1.jpg', '2021-02-21 19:38:52', '2021-02-21 19:38:52'),
	(173, 113, 'image-produit-52-1.jpg', '2021-03-30 02:04:19', '2021-03-30 02:04:19'),
	(174, 114, 'image-produit-53-1.jpg', '2020-12-06 01:42:23', '2020-12-06 01:42:23'),
	(175, 115, 'image-produit-54-1.jpg', '2021-02-13 22:32:21', '2021-02-13 22:32:21'),
	(176, 116, 'image-produit-55-1.jpg', '2020-09-07 02:25:09', '2020-09-07 02:25:09'),
	(177, 117, 'image-produit-56-1.jpg', '2021-01-02 05:19:13', '2021-01-02 05:19:13'),
	(178, 118, 'image-produit-57-1.jpg', '2021-02-19 12:32:03', '2021-02-19 12:32:03'),
	(179, 119, 'image-produit-58-1.jpg', '2020-11-30 15:13:55', '2020-11-30 15:13:55'),
	(180, 120, 'image-produit-59-1.jpg', '2021-02-26 08:06:43', '2021-02-26 08:06:43'),
	(181, 120, 'succulente-pot-en-gres-blanc-1000-12-28-214212_5.jpg', '2021-04-17 11:49:21', '2021-04-17 11:49:21'),
	(182, 61, 'miroirs-ronds-d25-x3-1000-3-5-211483_1.jpg', '2021-04-17 12:44:40', '2021-04-17 12:44:40'),
	(183, 61, 'miroirs-ronds-d25-x3-1000-3-5-211483_3.jpg', '2021-04-17 12:44:40', '2021-04-17 12:44:40');
/*!40000 ALTER TABLE `image_product` ENABLE KEYS */;

-- Listage de la structure de la table roost. order
DROP TABLE IF EXISTS `order`;
CREATE TABLE IF NOT EXISTS `order` (
  `id` int(11) NOT NULL AUTO_INCREMENT,
  `user_id` int(11) NOT NULL,
  `created_at` datetime NOT NULL,
  `status` varchar(25) COLLATE utf8mb4_unicode_ci NOT NULL,
  `total_order` double DEFAULT NULL,
  PRIMARY KEY (`id`),
  KEY `IDX_F5299398A76ED395` (`user_id`),
  CONSTRAINT `FK_F5299398A76ED395` FOREIGN KEY (`user_id`) REFERENCES `user` (`id`)
) ENGINE=InnoDB AUTO_INCREMENT=22 DEFAULT CHARSET=utf8mb4 COLLATE=utf8mb4_unicode_ci;

-- Listage des données de la table roost.order : ~11 rows (environ)
/*!40000 ALTER TABLE `order` DISABLE KEYS */;
INSERT INTO `order` (`id`, `user_id`, `created_at`, `status`, `total_order`) VALUES
	(11, 23, '2021-04-16 21:36:34', 'Cart', 0),
	(12, 23, '2021-02-10 21:36:34', 'Livré', 4955),
	(13, 33, '2021-04-16 21:36:34', 'Cart', 0),
	(14, 27, '2021-04-16 21:36:34', 'Cart', 0),
	(15, 22, '2021-04-16 21:36:34', 'Cart', 0),
	(16, 32, '2021-04-16 21:36:34', 'Cart', 0),
	(17, 34, '2021-04-16 21:36:34', 'Cart', 0),
	(18, 28, '2021-04-16 21:36:34', 'Cart', 0),
	(19, 37, '2021-04-16 21:36:34', 'Cart', 0),
	(20, 22, '2021-04-16 21:36:34', 'Cart', 0),
	(21, 43, '2021-04-16 00:00:00', 'Expediée', 2262);
/*!40000 ALTER TABLE `order` ENABLE KEYS */;

-- Listage de la structure de la table roost. post
DROP TABLE IF EXISTS `post`;
CREATE TABLE IF NOT EXISTS `post` (
  `id` int(11) NOT NULL AUTO_INCREMENT,
  `user_id` int(11) NOT NULL,
  `title` varchar(255) COLLATE utf8mb4_unicode_ci NOT NULL,
  `slug` varchar(255) COLLATE utf8mb4_unicode_ci NOT NULL,
  `content` longtext COLLATE utf8mb4_unicode_ci NOT NULL,
  `image` varchar(255) COLLATE utf8mb4_unicode_ci NOT NULL,
  `is_published` tinyint(1) NOT NULL,
  `created_at` datetime NOT NULL,
  `updated_at` datetime NOT NULL,
  PRIMARY KEY (`id`),
  KEY `IDX_5A8A6C8DA76ED395` (`user_id`),
  CONSTRAINT `FK_5A8A6C8DA76ED395` FOREIGN KEY (`user_id`) REFERENCES `user` (`id`)
) ENGINE=InnoDB AUTO_INCREMENT=41 DEFAULT CHARSET=utf8mb4 COLLATE=utf8mb4_unicode_ci;

-- Listage des données de la table roost.post : ~19 rows (environ)
/*!40000 ALTER TABLE `post` DISABLE KEYS */;
INSERT INTO `post` (`id`, `user_id`, `title`, `slug`, `content`, `image`, `is_published`, `created_at`, `updated_at`) VALUES
	(22, 22, 'Lorem ipsum dolor sit amet 1', 'lorem-ipsum-dolor-sit-amet-1', 'Lorem ipsum dolor sit amet, consectetur adipiscing elit, sed do eiusmod tempor incididunt ut labore et dolore magna aliqua. Faucibus purus in massa tempor nec feugiat nisl pretium fusce. Euismod nisi porta lorem mollis. Leo a diam sollicitudin tempor id eu nisl nunc mi. Felis donec et odio pellentesque diam volutpat commodo. Eu scelerisque felis imperdiet proin fermentum leo vel orci porta. In egestas erat imperdiet sed. Turpis cursus in hac habitasse platea dictumst. Odio euismod lacinia at quis risus sed vulputate. Lorem ipsum dolor sit amet. Eu turpis egestas pretium aenean pharetra magna ac placerat. Suspendisse sed nisi lacus sed.', 'blog-1.jpg', 1, '2021-03-20 02:01:49', '2021-03-20 02:01:49'),
	(23, 22, 'Lorem ipsum dolor sit amet 2', 'lorem-ipsum-dolor-sit-amet-2', 'Lorem ipsum dolor sit amet, consectetur adipiscing elit, sed do eiusmod tempor incididunt ut labore et dolore magna aliqua. Faucibus purus in massa tempor nec feugiat nisl pretium fusce. Euismod nisi porta lorem mollis. Leo a diam sollicitudin tempor id eu nisl nunc mi. Felis donec et odio pellentesque diam volutpat commodo. Eu scelerisque felis imperdiet proin fermentum leo vel orci porta. In egestas erat imperdiet sed. Turpis cursus in hac habitasse platea dictumst. Odio euismod lacinia at quis risus sed vulputate. Lorem ipsum dolor sit amet. Eu turpis egestas pretium aenean pharetra magna ac placerat. Suspendisse sed nisi lacus sed.', 'blog-2.jpg', 1, '2021-03-30 11:39:54', '2021-03-30 11:39:54'),
	(24, 22, 'Lorem ipsum dolor sit amet 3', 'lorem-ipsum-dolor-sit-amet-3', 'Lorem ipsum dolor sit amet, consectetur adipiscing elit, sed do eiusmod tempor incididunt ut labore et dolore magna aliqua. Faucibus purus in massa tempor nec feugiat nisl pretium fusce. Euismod nisi porta lorem mollis. Leo a diam sollicitudin tempor id eu nisl nunc mi. Felis donec et odio pellentesque diam volutpat commodo. Eu scelerisque felis imperdiet proin fermentum leo vel orci porta. In egestas erat imperdiet sed. Turpis cursus in hac habitasse platea dictumst. Odio euismod lacinia at quis risus sed vulputate. Lorem ipsum dolor sit amet. Eu turpis egestas pretium aenean pharetra magna ac placerat. Suspendisse sed nisi lacus sed.', 'blog-3.jpg', 1, '2020-09-25 15:39:42', '2020-09-25 15:39:42'),
	(25, 22, 'Lorem ipsum dolor sit amet 4', 'lorem-ipsum-dolor-sit-amet-4', 'Lorem ipsum dolor sit amet, consectetur adipiscing elit, sed do eiusmod tempor incididunt ut labore et dolore magna aliqua. Faucibus purus in massa tempor nec feugiat nisl pretium fusce. Euismod nisi porta lorem mollis. Leo a diam sollicitudin tempor id eu nisl nunc mi. Felis donec et odio pellentesque diam volutpat commodo. Eu scelerisque felis imperdiet proin fermentum leo vel orci porta. In egestas erat imperdiet sed. Turpis cursus in hac habitasse platea dictumst. Odio euismod lacinia at quis risus sed vulputate. Lorem ipsum dolor sit amet. Eu turpis egestas pretium aenean pharetra magna ac placerat. Suspendisse sed nisi lacus sed.', 'blog-4.jpg', 1, '2021-01-28 14:56:37', '2021-01-28 14:56:37'),
	(26, 22, 'Lorem ipsum dolor sit amet 5', 'lorem-ipsum-dolor-sit-amet-5', 'Lorem ipsum dolor sit amet, consectetur adipiscing elit, sed do eiusmod tempor incididunt ut labore et dolore magna aliqua. Faucibus purus in massa tempor nec feugiat nisl pretium fusce. Euismod nisi porta lorem mollis. Leo a diam sollicitudin tempor id eu nisl nunc mi. Felis donec et odio pellentesque diam volutpat commodo. Eu scelerisque felis imperdiet proin fermentum leo vel orci porta. In egestas erat imperdiet sed. Turpis cursus in hac habitasse platea dictumst. Odio euismod lacinia at quis risus sed vulputate. Lorem ipsum dolor sit amet. Eu turpis egestas pretium aenean pharetra magna ac placerat. Suspendisse sed nisi lacus sed.', 'blog-5.jpg', 1, '2021-01-17 18:38:43', '2021-01-17 18:38:43'),
	(27, 22, 'Lorem ipsum dolor sit amet 6', 'lorem-ipsum-dolor-sit-amet-6', 'Lorem ipsum dolor sit amet, consectetur adipiscing elit, sed do eiusmod tempor incididunt ut labore et dolore magna aliqua. Faucibus purus in massa tempor nec feugiat nisl pretium fusce. Euismod nisi porta lorem mollis. Leo a diam sollicitudin tempor id eu nisl nunc mi. Felis donec et odio pellentesque diam volutpat commodo. Eu scelerisque felis imperdiet proin fermentum leo vel orci porta. In egestas erat imperdiet sed. Turpis cursus in hac habitasse platea dictumst. Odio euismod lacinia at quis risus sed vulputate. Lorem ipsum dolor sit amet. Eu turpis egestas pretium aenean pharetra magna ac placerat. Suspendisse sed nisi lacus sed.', 'blog-6.jpg', 1, '2021-03-09 15:31:10', '2021-03-09 15:31:10'),
	(28, 22, 'Lorem ipsum dolor sit amet 7', 'lorem-ipsum-dolor-sit-amet-7', 'Lorem ipsum dolor sit amet, consectetur adipiscing elit, sed do eiusmod tempor incididunt ut labore et dolore magna aliqua. Faucibus purus in massa tempor nec feugiat nisl pretium fusce. Euismod nisi porta lorem mollis. Leo a diam sollicitudin tempor id eu nisl nunc mi. Felis donec et odio pellentesque diam volutpat commodo. Eu scelerisque felis imperdiet proin fermentum leo vel orci porta. In egestas erat imperdiet sed. Turpis cursus in hac habitasse platea dictumst. Odio euismod lacinia at quis risus sed vulputate. Lorem ipsum dolor sit amet. Eu turpis egestas pretium aenean pharetra magna ac placerat. Suspendisse sed nisi lacus sed.', 'blog-7.jpg', 1, '2020-12-02 01:21:45', '2020-12-02 01:21:45'),
	(29, 22, 'Lorem ipsum dolor sit amet 8', 'lorem-ipsum-dolor-sit-amet-8', 'Lorem ipsum dolor sit amet, consectetur adipiscing elit, sed do eiusmod tempor incididunt ut labore et dolore magna aliqua. Faucibus purus in massa tempor nec feugiat nisl pretium fusce. Euismod nisi porta lorem mollis. Leo a diam sollicitudin tempor id eu nisl nunc mi. Felis donec et odio pellentesque diam volutpat commodo. Eu scelerisque felis imperdiet proin fermentum leo vel orci porta. In egestas erat imperdiet sed. Turpis cursus in hac habitasse platea dictumst. Odio euismod lacinia at quis risus sed vulputate. Lorem ipsum dolor sit amet. Eu turpis egestas pretium aenean pharetra magna ac placerat. Suspendisse sed nisi lacus sed.', 'blog-8.jpg', 1, '2020-12-03 18:55:16', '2020-12-03 18:55:16'),
	(30, 22, 'Lorem ipsum dolor sit amet 9', 'lorem-ipsum-dolor-sit-amet-9', 'Lorem ipsum dolor sit amet, consectetur adipiscing elit, sed do eiusmod tempor incididunt ut labore et dolore magna aliqua. Faucibus purus in massa tempor nec feugiat nisl pretium fusce. Euismod nisi porta lorem mollis. Leo a diam sollicitudin tempor id eu nisl nunc mi. Felis donec et odio pellentesque diam volutpat commodo. Eu scelerisque felis imperdiet proin fermentum leo vel orci porta. In egestas erat imperdiet sed. Turpis cursus in hac habitasse platea dictumst. Odio euismod lacinia at quis risus sed vulputate. Lorem ipsum dolor sit amet. Eu turpis egestas pretium aenean pharetra magna ac placerat. Suspendisse sed nisi lacus sed.', 'blog-9.jpg', 1, '2021-02-18 00:03:48', '2021-02-18 00:03:48'),
	(31, 22, 'Lorem ipsum dolor sit amet 10', 'lorem-ipsum-dolor-sit-amet-10', 'Lorem ipsum dolor sit amet, consectetur adipiscing elit, sed do eiusmod tempor incididunt ut labore et dolore magna aliqua. Faucibus purus in massa tempor nec feugiat nisl pretium fusce. Euismod nisi porta lorem mollis. Leo a diam sollicitudin tempor id eu nisl nunc mi. Felis donec et odio pellentesque diam volutpat commodo. Eu scelerisque felis imperdiet proin fermentum leo vel orci porta. In egestas erat imperdiet sed. Turpis cursus in hac habitasse platea dictumst. Odio euismod lacinia at quis risus sed vulputate. Lorem ipsum dolor sit amet. Eu turpis egestas pretium aenean pharetra magna ac placerat. Suspendisse sed nisi lacus sed.', 'blog-10.jpg', 1, '2021-01-20 09:00:05', '2021-01-20 09:00:05'),
	(32, 22, 'Lorem ipsum dolor sit amet 11', 'lorem-ipsum-dolor-sit-amet-11', 'Lorem ipsum dolor sit amet, consectetur adipiscing elit, sed do eiusmod tempor incididunt ut labore et dolore magna aliqua. Faucibus purus in massa tempor nec feugiat nisl pretium fusce. Euismod nisi porta lorem mollis. Leo a diam sollicitudin tempor id eu nisl nunc mi. Felis donec et odio pellentesque diam volutpat commodo. Eu scelerisque felis imperdiet proin fermentum leo vel orci porta. In egestas erat imperdiet sed. Turpis cursus in hac habitasse platea dictumst. Odio euismod lacinia at quis risus sed vulputate. Lorem ipsum dolor sit amet. Eu turpis egestas pretium aenean pharetra magna ac placerat. Suspendisse sed nisi lacus sed.', 'blog-11.jpg', 1, '2021-01-21 17:47:15', '2021-01-21 17:47:15'),
	(33, 22, 'Lorem ipsum dolor sit amet 12', 'lorem-ipsum-dolor-sit-amet-12', 'Lorem ipsum dolor sit amet, consectetur adipiscing elit, sed do eiusmod tempor incididunt ut labore et dolore magna aliqua. Faucibus purus in massa tempor nec feugiat nisl pretium fusce. Euismod nisi porta lorem mollis. Leo a diam sollicitudin tempor id eu nisl nunc mi. Felis donec et odio pellentesque diam volutpat commodo. Eu scelerisque felis imperdiet proin fermentum leo vel orci porta. In egestas erat imperdiet sed. Turpis cursus in hac habitasse platea dictumst. Odio euismod lacinia at quis risus sed vulputate. Lorem ipsum dolor sit amet. Eu turpis egestas pretium aenean pharetra magna ac placerat. Suspendisse sed nisi lacus sed.', 'blog-12.jpg', 1, '2021-01-17 11:58:05', '2021-01-17 11:58:05'),
	(34, 22, 'Lorem ipsum dolor sit amet 13', 'lorem-ipsum-dolor-sit-amet-13', 'Lorem ipsum dolor sit amet, consectetur adipiscing elit, sed do eiusmod tempor incididunt ut labore et dolore magna aliqua. Faucibus purus in massa tempor nec feugiat nisl pretium fusce. Euismod nisi porta lorem mollis. Leo a diam sollicitudin tempor id eu nisl nunc mi. Felis donec et odio pellentesque diam volutpat commodo. Eu scelerisque felis imperdiet proin fermentum leo vel orci porta. In egestas erat imperdiet sed. Turpis cursus in hac habitasse platea dictumst. Odio euismod lacinia at quis risus sed vulputate. Lorem ipsum dolor sit amet. Eu turpis egestas pretium aenean pharetra magna ac placerat. Suspendisse sed nisi lacus sed.', 'blog-13.jpg', 1, '2020-11-19 12:43:23', '2020-11-19 12:43:23'),
	(35, 22, 'Lorem ipsum dolor sit amet 14', 'lorem-ipsum-dolor-sit-amet-14', 'Lorem ipsum dolor sit amet, consectetur adipiscing elit, sed do eiusmod tempor incididunt ut labore et dolore magna aliqua. Faucibus purus in massa tempor nec feugiat nisl pretium fusce. Euismod nisi porta lorem mollis. Leo a diam sollicitudin tempor id eu nisl nunc mi. Felis donec et odio pellentesque diam volutpat commodo. Eu scelerisque felis imperdiet proin fermentum leo vel orci porta. In egestas erat imperdiet sed. Turpis cursus in hac habitasse platea dictumst. Odio euismod lacinia at quis risus sed vulputate. Lorem ipsum dolor sit amet. Eu turpis egestas pretium aenean pharetra magna ac placerat. Suspendisse sed nisi lacus sed.', 'blog-14.jpg', 1, '2021-03-31 21:23:36', '2021-03-31 21:23:36'),
	(36, 22, 'Lorem ipsum dolor sit amet 15', 'lorem-ipsum-dolor-sit-amet-15', 'Lorem ipsum dolor sit amet, consectetur adipiscing elit, sed do eiusmod tempor incididunt ut labore et dolore magna aliqua. Faucibus purus in massa tempor nec feugiat nisl pretium fusce. Euismod nisi porta lorem mollis. Leo a diam sollicitudin tempor id eu nisl nunc mi. Felis donec et odio pellentesque diam volutpat commodo. Eu scelerisque felis imperdiet proin fermentum leo vel orci porta. In egestas erat imperdiet sed. Turpis cursus in hac habitasse platea dictumst. Odio euismod lacinia at quis risus sed vulputate. Lorem ipsum dolor sit amet. Eu turpis egestas pretium aenean pharetra magna ac placerat. Suspendisse sed nisi lacus sed.', 'blog-15.jpg', 1, '2021-01-30 12:12:49', '2021-01-30 12:12:49'),
	(37, 22, 'Lorem ipsum dolor sit amet 16', 'lorem-ipsum-dolor-sit-amet-16', 'Lorem ipsum dolor sit amet, consectetur adipiscing elit, sed do eiusmod tempor incididunt ut labore et dolore magna aliqua. Faucibus purus in massa tempor nec feugiat nisl pretium fusce. Euismod nisi porta lorem mollis. Leo a diam sollicitudin tempor id eu nisl nunc mi. Felis donec et odio pellentesque diam volutpat commodo. Eu scelerisque felis imperdiet proin fermentum leo vel orci porta. In egestas erat imperdiet sed. Turpis cursus in hac habitasse platea dictumst. Odio euismod lacinia at quis risus sed vulputate. Lorem ipsum dolor sit amet. Eu turpis egestas pretium aenean pharetra magna ac placerat. Suspendisse sed nisi lacus sed.', 'blog-16.jpg', 1, '2020-09-02 23:55:30', '2020-09-02 23:55:30'),
	(38, 22, 'Lorem ipsum dolor sit amet 17', 'lorem-ipsum-dolor-sit-amet-17', 'Lorem ipsum dolor sit amet, consectetur adipiscing elit, sed do eiusmod tempor incididunt ut labore et dolore magna aliqua. Faucibus purus in massa tempor nec feugiat nisl pretium fusce. Euismod nisi porta lorem mollis. Leo a diam sollicitudin tempor id eu nisl nunc mi. Felis donec et odio pellentesque diam volutpat commodo. Eu scelerisque felis imperdiet proin fermentum leo vel orci porta. In egestas erat imperdiet sed. Turpis cursus in hac habitasse platea dictumst. Odio euismod lacinia at quis risus sed vulputate. Lorem ipsum dolor sit amet. Eu turpis egestas pretium aenean pharetra magna ac placerat. Suspendisse sed nisi lacus sed.', 'blog-17.jpg', 1, '2021-03-17 21:27:07', '2021-03-17 21:27:07'),
	(39, 22, 'Lorem ipsum dolor sit amet 18', 'lorem-ipsum-dolor-sit-amet-18', 'Lorem ipsum dolor sit amet, consectetur adipiscing elit, sed do eiusmod tempor incididunt ut labore et dolore magna aliqua. Faucibus purus in massa tempor nec feugiat nisl pretium fusce. Euismod nisi porta lorem mollis. Leo a diam sollicitudin tempor id eu nisl nunc mi. Felis donec et odio pellentesque diam volutpat commodo. Eu scelerisque felis imperdiet proin fermentum leo vel orci porta. In egestas erat imperdiet sed. Turpis cursus in hac habitasse platea dictumst. Odio euismod lacinia at quis risus sed vulputate. Lorem ipsum dolor sit amet. Eu turpis egestas pretium aenean pharetra magna ac placerat. Suspendisse sed nisi lacus sed.', 'blog-18.jpg', 1, '2021-01-28 10:46:30', '2021-01-28 10:46:30'),
	(40, 22, 'Lorem ipsum dolor sit amet 19', 'lorem-ipsum-dolor-sit-amet-19', 'Lorem ipsum dolor sit amet, consectetur adipiscing elit, sed do eiusmod tempor incididunt ut labore et dolore magna aliqua. Faucibus purus in massa tempor nec feugiat nisl pretium fusce. Euismod nisi porta lorem mollis. Leo a diam sollicitudin tempor id eu nisl nunc mi. Felis donec et odio pellentesque diam volutpat commodo. Eu scelerisque felis imperdiet proin fermentum leo vel orci porta. In egestas erat imperdiet sed. Turpis cursus in hac habitasse platea dictumst. Odio euismod lacinia at quis risus sed vulputate. Lorem ipsum dolor sit amet. Eu turpis egestas pretium aenean pharetra magna ac placerat. Suspendisse sed nisi lacus sed.', 'blog-19.jpg', 1, '2021-02-15 14:31:55', '2021-02-15 14:31:55');
/*!40000 ALTER TABLE `post` ENABLE KEYS */;

-- Listage de la structure de la table roost. product
DROP TABLE IF EXISTS `product`;
CREATE TABLE IF NOT EXISTS `product` (
  `id` int(11) NOT NULL AUTO_INCREMENT,
  `user_id` int(11) NOT NULL,
  `category_id` int(11) NOT NULL,
  `name` varchar(255) COLLATE utf8mb4_unicode_ci NOT NULL,
  `slug` varchar(255) COLLATE utf8mb4_unicode_ci NOT NULL,
  `description` longtext COLLATE utf8mb4_unicode_ci NOT NULL,
  `price` double NOT NULL,
  `sale` int(11) DEFAULT NULL,
  `tva` int(11) NOT NULL,
  `is_in_stock` tinyint(1) NOT NULL,
  `dimensions` varchar(255) COLLATE utf8mb4_unicode_ci DEFAULT NULL,
  `weight` varchar(255) COLLATE utf8mb4_unicode_ci DEFAULT NULL,
  `created_at` datetime NOT NULL,
  `updated_at` datetime NOT NULL,
  PRIMARY KEY (`id`),
  KEY `IDX_D34A04ADA76ED395` (`user_id`),
  KEY `IDX_D34A04AD12469DE2` (`category_id`),
  CONSTRAINT `FK_D34A04AD12469DE2` FOREIGN KEY (`category_id`) REFERENCES `category` (`id`),
  CONSTRAINT `FK_D34A04ADA76ED395` FOREIGN KEY (`user_id`) REFERENCES `user` (`id`)
) ENGINE=InnoDB AUTO_INCREMENT=121 DEFAULT CHARSET=utf8mb4 COLLATE=utf8mb4_unicode_ci;

-- Listage des données de la table roost.product : ~60 rows (environ)
/*!40000 ALTER TABLE `product` DISABLE KEYS */;
INSERT INTO `product` (`id`, `user_id`, `category_id`, `name`, `slug`, `description`, `price`, `sale`, `tva`, `is_in_stock`, `dimensions`, `weight`, `created_at`, `updated_at`) VALUES
	(61, 22, 8, 'Miroirs ronds', 'miroirs-ronds', '<div>Description du produit</div>', 25, 0, 21, 1, 'H25 x L25 x PR2', '0.6KG', '2021-01-18 05:34:54', '2021-04-17 12:45:20'),
	(62, 22, 10, 'Produit 1', 'produit-1', 'Description du produit 1', 417, 26, 21, 1, 'H79 x L194 x PR45', '13KG', '2020-11-02 14:21:21', '2020-11-02 14:21:21'),
	(63, 22, 10, 'Produit 2', 'produit-2', 'Description du produit 2', 1039, 50, 21, 1, 'H38 x L79 x PR86', '37KG', '2020-11-23 18:49:51', '2020-11-23 18:49:51'),
	(64, 22, 7, 'Produit 3', 'produit-3', 'Description du produit 3', 1492, 25, 21, 1, 'H28 x L103 x PR79', '2KG', '2020-10-16 20:49:11', '2020-10-16 20:49:11'),
	(65, 22, 9, 'Produit 4', 'produit-4', 'Description du produit 4', 1546, 32, 21, 1, 'H72 x L131 x PR70', '32KG', '2021-03-21 01:03:58', '2021-03-21 01:03:58'),
	(66, 22, 12, 'Produit 5', 'produit-5', 'Description du produit 5', 563, 3, 21, 1, 'H50 x L98 x PR56', '24KG', '2021-01-13 00:02:18', '2021-01-13 00:02:18'),
	(67, 22, 8, 'Produit 6', 'produit-6', 'Description du produit 6', 1481, 40, 21, 1, 'H76 x L189 x PR92', '35KG', '2021-03-18 08:27:33', '2021-03-18 08:27:33'),
	(68, 22, 9, 'Produit 7', 'produit-7', 'Description du produit 7', 1032, 16, 21, 1, 'H28 x L111 x PR43', '12KG', '2020-10-03 11:53:20', '2020-10-03 11:53:20'),
	(69, 22, 8, 'Produit 8', 'produit-8', 'Description du produit 8', 897, 10, 21, 1, 'H35 x L165 x PR75', '33KG', '2021-03-27 12:32:10', '2021-03-27 12:32:10'),
	(70, 22, 10, 'Produit 9', 'produit-9', 'Description du produit 9', 1847, 8, 21, 1, 'H64 x L168 x PR83', '16KG', '2021-01-28 01:18:30', '2021-01-28 01:18:30'),
	(71, 22, 12, 'Produit 10', 'produit-10', 'Description du produit 10', 1209, 41, 21, 1, 'H76 x L159 x PR73', '7KG', '2020-10-25 09:16:04', '2020-10-25 09:16:04'),
	(72, 22, 10, 'Produit 11', 'produit-11', 'Description du produit 11', 919, 31, 21, 1, 'H26 x L84 x PR95', '26KG', '2020-09-22 03:29:57', '2020-09-22 03:29:57'),
	(73, 22, 12, 'Produit 12', 'produit-12', 'Description du produit 12', 135, 22, 21, 1, 'H87 x L181 x PR69', '36KG', '2020-09-20 02:01:42', '2020-09-20 02:01:42'),
	(74, 22, 10, 'Produit 13', 'produit-13', 'Description du produit 13', 1073, 3, 21, 1, 'H68 x L80 x PR43', '5KG', '2021-04-12 23:10:09', '2021-04-12 23:10:09'),
	(75, 22, 12, 'Produit 14', 'produit-14', 'Description du produit 14', 834, 32, 21, 1, 'H96 x L50 x PR77', '12KG', '2020-09-03 05:15:09', '2020-09-03 05:15:09'),
	(76, 22, 9, 'Produit 15', 'produit-15', 'Description du produit 15', 1332, 12, 21, 1, 'H99 x L179 x PR40', '35KG', '2021-01-24 11:31:46', '2021-01-24 11:31:46'),
	(77, 22, 10, 'Produit 16', 'produit-16', 'Description du produit 16', 1062, 9, 21, 1, 'H32 x L123 x PR85', '21KG', '2020-10-21 00:39:54', '2020-10-21 00:39:54'),
	(78, 22, 7, 'Produit 17', 'produit-17', 'Description du produit 17', 1447, 12, 21, 1, 'H89 x L117 x PR60', '40KG', '2021-03-13 19:08:51', '2021-03-13 19:08:51'),
	(79, 22, 10, 'Produit 18', 'produit-18', 'Description du produit 18', 1070, 43, 21, 1, 'H56 x L61 x PR63', '9KG', '2021-03-29 05:44:29', '2021-03-29 05:44:29'),
	(80, 22, 12, 'Produit 19', 'produit-19', 'Description du produit 19', 1539, 19, 21, 1, 'H58 x L55 x PR93', '7KG', '2020-10-19 09:51:44', '2020-10-19 09:51:44'),
	(81, 22, 12, 'Produit 20', 'produit-20', 'Description du produit 20', 695, 13, 21, 1, 'H41 x L152 x PR85', '20KG', '2020-10-17 17:51:03', '2020-10-17 17:51:03'),
	(82, 22, 8, 'Produit 21', 'produit-21', 'Description du produit 21', 1699, 41, 21, 1, 'H48 x L115 x PR62', '13KG', '2021-02-14 20:36:18', '2021-02-14 20:36:18'),
	(83, 22, 11, 'Produit 22', 'produit-22', 'Description du produit 22', 1141, 38, 21, 1, 'H47 x L84 x PR50', '24KG', '2021-03-05 16:48:29', '2021-03-05 16:48:29'),
	(84, 22, 11, 'Produit 23', 'produit-23', 'Description du produit 23', 1392, 26, 21, 1, 'H92 x L158 x PR43', '3KG', '2021-01-16 16:01:11', '2021-01-16 16:01:11'),
	(85, 22, 12, 'Produit 24', 'produit-24', 'Description du produit 24', 457, 47, 21, 1, 'H94 x L146 x PR96', '15KG', '2021-04-10 02:27:42', '2021-04-10 02:27:42'),
	(86, 22, 8, 'Produit 25', 'produit-25', 'Description du produit 25', 99, 29, 21, 1, 'H83 x L171 x PR82', '17KG', '2021-02-27 06:07:58', '2021-02-27 06:07:58'),
	(87, 22, 12, 'Produit 26', 'produit-26', 'Description du produit 26', 369, 50, 21, 1, 'H60 x L199 x PR78', '45KG', '2021-02-22 17:51:44', '2021-02-22 17:51:44'),
	(88, 22, 11, 'Produit 27', 'produit-27', 'Description du produit 27', 418, 30, 21, 1, 'H61 x L87 x PR62', '34KG', '2020-12-03 02:17:30', '2020-12-03 02:17:30'),
	(89, 22, 9, 'Produit 28', 'produit-28', 'Description du produit 28', 1691, 36, 21, 1, 'H84 x L68 x PR67', '19KG', '2021-04-01 12:31:16', '2021-04-01 12:31:16'),
	(90, 22, 8, 'Produit 29', 'produit-29', 'Description du produit 29', 910, 20, 21, 1, 'H91 x L76 x PR79', '27KG', '2020-09-09 21:36:20', '2020-09-09 21:36:20'),
	(91, 22, 11, 'Produit 30', 'produit-30', 'Description du produit 30', 1149, 2, 21, 1, 'H58 x L73 x PR81', '41KG', '2020-09-29 04:33:09', '2020-09-29 04:33:09'),
	(92, 22, 11, 'Produit 31', 'produit-31', 'Description du produit 31', 132, 13, 21, 1, 'H25 x L167 x PR75', '12KG', '2021-03-11 10:16:40', '2021-03-11 10:16:40'),
	(93, 22, 9, 'Produit 32', 'produit-32', 'Description du produit 32', 1929, 1, 21, 1, 'H68 x L56 x PR54', '13KG', '2020-12-19 08:16:33', '2020-12-19 08:16:33'),
	(94, 22, 10, 'Produit 33', 'produit-33', 'Description du produit 33', 1361, 19, 21, 1, 'H99 x L83 x PR52', '3KG', '2020-12-29 11:17:18', '2020-12-29 11:17:18'),
	(95, 22, 12, 'Produit 34', 'produit-34', 'Description du produit 34', 33, 40, 21, 1, 'H95 x L89 x PR92', '41KG', '2020-10-24 12:44:50', '2020-10-24 12:44:50'),
	(96, 22, 9, 'Produit 35', 'produit-35', 'Description du produit 35', 934, 50, 21, 1, 'H46 x L196 x PR94', '34KG', '2021-03-27 05:11:40', '2021-03-27 05:11:40'),
	(97, 22, 10, 'Produit 36', 'produit-36', 'Description du produit 36', 2000, 19, 21, 1, 'H44 x L81 x PR72', '27KG', '2020-09-19 23:36:12', '2020-09-19 23:36:12'),
	(98, 22, 9, 'Produit 37', 'produit-37', 'Description du produit 37', 897, 0, 21, 1, 'H75 x L154 x PR41', '35KG', '2020-09-28 13:28:16', '2020-09-28 13:28:16'),
	(99, 22, 11, 'Produit 38', 'produit-38', 'Description du produit 38', 1890, 29, 21, 1, 'H37 x L147 x PR84', '31KG', '2021-02-09 08:51:05', '2021-02-09 08:51:05'),
	(100, 22, 11, 'Produit 39', 'produit-39', 'Description du produit 39', 667, 12, 21, 1, 'H57 x L180 x PR88', '23KG', '2021-04-04 14:47:48', '2021-04-04 14:47:48'),
	(101, 22, 8, 'Produit 40', 'produit-40', 'Description du produit 40', 1058, 15, 21, 1, 'H87 x L135 x PR70', '32KG', '2020-11-05 04:40:59', '2020-11-05 04:40:59'),
	(102, 22, 7, 'Produit 41', 'produit-41', 'Description du produit 41', 1110, 27, 21, 1, 'H51 x L97 x PR55', '4KG', '2020-12-30 04:06:50', '2020-12-30 04:06:50'),
	(103, 22, 12, 'Produit 42', 'produit-42', 'Description du produit 42', 823, 29, 21, 1, 'H65 x L108 x PR51', '26KG', '2020-12-26 03:34:05', '2020-12-26 03:34:05'),
	(104, 22, 7, 'Produit 43', 'produit-43', 'Description du produit 43', 368, 7, 21, 1, 'H46 x L68 x PR98', '23KG', '2020-11-17 22:05:38', '2020-11-17 22:05:38'),
	(105, 22, 8, 'Produit 44', 'produit-44', 'Description du produit 44', 782, 1, 21, 1, 'H65 x L200 x PR78', '26KG', '2020-12-09 18:01:44', '2020-12-09 18:01:44'),
	(106, 22, 11, 'Produit 45', 'produit-45', 'Description du produit 45', 504, 2, 21, 1, 'H64 x L133 x PR70', '5KG', '2021-01-29 21:30:59', '2021-01-29 21:30:59'),
	(107, 22, 9, 'Produit 46', 'produit-46', 'Description du produit 46', 258, 10, 21, 1, 'H20 x L82 x PR97', '30KG', '2021-03-31 04:36:20', '2021-03-31 04:36:20'),
	(108, 22, 11, 'Produit 47', 'produit-47', 'Description du produit 47', 521, 27, 21, 1, 'H59 x L186 x PR42', '36KG', '2020-10-30 05:58:49', '2020-10-30 05:58:49'),
	(109, 22, 11, 'Produit 48', 'produit-48', 'Description du produit 48', 1706, 39, 21, 1, 'H47 x L68 x PR66', '6KG', '2020-10-10 19:13:34', '2020-10-10 19:13:34'),
	(110, 22, 10, 'Produit 49', 'produit-49', 'Description du produit 49', 88, 14, 21, 1, 'H58 x L46 x PR55', '41KG', '2020-12-21 00:37:31', '2020-12-21 00:37:31'),
	(111, 22, 12, 'Produit 50', 'produit-50', 'Description du produit 50', 1549, 26, 21, 1, 'H74 x L80 x PR61', '32KG', '2020-11-05 03:39:18', '2020-11-05 03:39:18'),
	(112, 22, 11, 'Produit 51', 'produit-51', 'Description du produit 51', 725, 4, 21, 1, 'H22 x L80 x PR56', '45KG', '2021-02-21 19:38:52', '2021-02-21 19:38:52'),
	(113, 22, 8, 'Produit 52', 'produit-52', 'Description du produit 52', 1521, 23, 21, 1, 'H23 x L73 x PR62', '5KG', '2021-03-30 02:04:19', '2021-03-30 02:04:19'),
	(114, 22, 12, 'Produit 53', 'produit-53', 'Description du produit 53', 1078, 32, 21, 1, 'H22 x L79 x PR52', '16KG', '2020-12-06 01:42:23', '2020-12-06 01:42:23'),
	(115, 22, 12, 'Produit 54', 'produit-54', 'Description du produit 54', 628, 42, 21, 1, 'H55 x L177 x PR86', '5KG', '2021-02-13 22:32:21', '2021-02-13 22:32:21'),
	(116, 22, 11, 'Produit 55', 'produit-55', 'Description du produit 55', 1354, 35, 21, 1, 'H80 x L141 x PR98', '12KG', '2020-09-07 02:25:09', '2020-09-07 02:25:09'),
	(117, 22, 10, 'Produit 56', 'produit-56', 'Description du produit 56', 30, 42, 21, 1, 'H80 x L96 x PR100', '28KG', '2021-01-02 05:19:13', '2021-01-02 05:19:13'),
	(118, 22, 7, 'Produit 57', 'produit-57', 'Description du produit 57', 1918, 50, 21, 1, 'H74 x L70 x PR59', '13KG', '2021-02-19 12:32:03', '2021-02-19 12:32:03'),
	(119, 22, 11, 'Produit 58', 'produit-58', 'Description du produit 58', 1161, 11, 21, 1, 'H85 x L105 x PR51', '18KG', '2020-11-30 15:13:55', '2020-11-30 15:13:55'),
	(120, 22, 12, 'Succulente pot en grès blanc', 'succulente-pot-gres-blanc', '<div>Description du produit 59</div>', 9, 0, 21, 1, 'H10x L10x PR10', '0.5KG', '2021-02-26 08:06:43', '2021-04-17 11:58:05');
/*!40000 ALTER TABLE `product` ENABLE KEYS */;

-- Listage de la structure de la table roost. product_tag
DROP TABLE IF EXISTS `product_tag`;
CREATE TABLE IF NOT EXISTS `product_tag` (
  `product_id` int(11) NOT NULL,
  `tag_id` int(11) NOT NULL,
  PRIMARY KEY (`product_id`,`tag_id`),
  KEY `IDX_E3A6E39C4584665A` (`product_id`),
  KEY `IDX_E3A6E39CBAD26311` (`tag_id`),
  CONSTRAINT `FK_E3A6E39C4584665A` FOREIGN KEY (`product_id`) REFERENCES `product` (`id`) ON DELETE CASCADE,
  CONSTRAINT `FK_E3A6E39CBAD26311` FOREIGN KEY (`tag_id`) REFERENCES `tag` (`id`) ON DELETE CASCADE
) ENGINE=InnoDB DEFAULT CHARSET=utf8mb4 COLLATE=utf8mb4_unicode_ci;

-- Listage des données de la table roost.product_tag : ~64 rows (environ)
/*!40000 ALTER TABLE `product_tag` DISABLE KEYS */;
INSERT INTO `product_tag` (`product_id`, `tag_id`) VALUES
	(61, 24),
	(61, 36),
	(62, 34),
	(63, 30),
	(64, 20),
	(65, 28),
	(66, 33),
	(67, 23),
	(68, 29),
	(69, 35),
	(70, 19),
	(71, 20),
	(72, 29),
	(73, 23),
	(74, 26),
	(75, 35),
	(76, 27),
	(77, 21),
	(78, 20),
	(79, 36),
	(80, 25),
	(81, 22),
	(82, 22),
	(83, 26),
	(84, 27),
	(85, 33),
	(86, 25),
	(87, 23),
	(88, 22),
	(89, 20),
	(90, 23),
	(91, 26),
	(92, 19),
	(93, 29),
	(94, 30),
	(95, 30),
	(96, 30),
	(97, 24),
	(98, 27),
	(99, 30),
	(100, 33),
	(101, 28),
	(102, 28),
	(103, 30),
	(104, 20),
	(105, 21),
	(106, 20),
	(107, 22),
	(108, 19),
	(109, 20),
	(110, 30),
	(111, 31),
	(112, 36),
	(113, 36),
	(114, 24),
	(115, 34),
	(116, 22),
	(117, 26),
	(118, 25),
	(119, 20),
	(120, 19),
	(120, 20),
	(120, 24),
	(120, 32);
/*!40000 ALTER TABLE `product_tag` ENABLE KEYS */;

-- Listage de la structure de la table roost. product_wishlist
DROP TABLE IF EXISTS `product_wishlist`;
CREATE TABLE IF NOT EXISTS `product_wishlist` (
  `product_id` int(11) NOT NULL,
  `wishlist_id` int(11) NOT NULL,
  PRIMARY KEY (`product_id`,`wishlist_id`),
  KEY `IDX_575140A64584665A` (`product_id`),
  KEY `IDX_575140A6FB8E54CD` (`wishlist_id`),
  CONSTRAINT `FK_575140A64584665A` FOREIGN KEY (`product_id`) REFERENCES `product` (`id`) ON DELETE CASCADE,
  CONSTRAINT `FK_575140A6FB8E54CD` FOREIGN KEY (`wishlist_id`) REFERENCES `wishlist` (`id`) ON DELETE CASCADE
) ENGINE=InnoDB DEFAULT CHARSET=utf8mb4 COLLATE=utf8mb4_unicode_ci;

-- Listage des données de la table roost.product_wishlist : ~204 rows (environ)
/*!40000 ALTER TABLE `product_wishlist` DISABLE KEYS */;
INSERT INTO `product_wishlist` (`product_id`, `wishlist_id`) VALUES
	(61, 28),
	(61, 32),
	(61, 35),
	(61, 39),
	(62, 28),
	(62, 31),
	(62, 32),
	(62, 37),
	(62, 38),
	(62, 39),
	(63, 33),
	(63, 42),
	(64, 27),
	(64, 29),
	(64, 38),
	(65, 24),
	(65, 25),
	(65, 31),
	(65, 34),
	(65, 41),
	(66, 24),
	(66, 27),
	(66, 30),
	(66, 31),
	(66, 41),
	(67, 24),
	(67, 26),
	(68, 29),
	(68, 34),
	(68, 40),
	(68, 42),
	(69, 31),
	(70, 33),
	(70, 39),
	(71, 25),
	(71, 27),
	(71, 40),
	(71, 42),
	(72, 30),
	(72, 41),
	(73, 27),
	(73, 31),
	(73, 38),
	(74, 25),
	(74, 26),
	(74, 43),
	(75, 25),
	(75, 26),
	(75, 29),
	(75, 35),
	(75, 37),
	(76, 26),
	(76, 32),
	(76, 40),
	(77, 35),
	(78, 27),
	(78, 33),
	(78, 35),
	(79, 22),
	(79, 27),
	(79, 28),
	(79, 30),
	(79, 32),
	(79, 34),
	(80, 26),
	(80, 33),
	(80, 39),
	(81, 27),
	(81, 28),
	(82, 28),
	(82, 38),
	(83, 22),
	(83, 25),
	(83, 36),
	(84, 33),
	(84, 36),
	(84, 38),
	(84, 39),
	(85, 28),
	(85, 38),
	(85, 43),
	(86, 22),
	(86, 32),
	(86, 36),
	(86, 38),
	(86, 39),
	(86, 41),
	(87, 31),
	(87, 34),
	(87, 36),
	(88, 23),
	(88, 29),
	(88, 30),
	(88, 32),
	(88, 34),
	(88, 41),
	(89, 22),
	(89, 25),
	(89, 41),
	(90, 24),
	(90, 28),
	(90, 31),
	(90, 37),
	(90, 39),
	(90, 42),
	(91, 24),
	(91, 27),
	(91, 30),
	(91, 35),
	(92, 23),
	(92, 30),
	(92, 32),
	(92, 37),
	(93, 26),
	(93, 30),
	(93, 33),
	(93, 42),
	(94, 30),
	(94, 40),
	(95, 23),
	(95, 36),
	(95, 42),
	(96, 22),
	(96, 26),
	(96, 34),
	(96, 42),
	(97, 32),
	(97, 38),
	(97, 41),
	(98, 25),
	(98, 33),
	(98, 35),
	(98, 40),
	(99, 26),
	(99, 32),
	(99, 37),
	(100, 23),
	(100, 24),
	(100, 28),
	(100, 40),
	(101, 24),
	(101, 27),
	(101, 33),
	(102, 23),
	(102, 25),
	(102, 26),
	(102, 29),
	(102, 38),
	(102, 39),
	(103, 23),
	(103, 36),
	(103, 40),
	(104, 33),
	(105, 22),
	(105, 24),
	(105, 41),
	(106, 31),
	(106, 36),
	(106, 37),
	(106, 40),
	(107, 29),
	(107, 35),
	(107, 36),
	(107, 43),
	(108, 22),
	(108, 29),
	(108, 31),
	(109, 26),
	(109, 35),
	(109, 41),
	(110, 22),
	(110, 24),
	(110, 30),
	(110, 33),
	(111, 23),
	(111, 24),
	(111, 34),
	(112, 29),
	(112, 42),
	(113, 22),
	(113, 35),
	(113, 40),
	(114, 27),
	(115, 23),
	(115, 28),
	(115, 34),
	(115, 37),
	(115, 39),
	(116, 23),
	(116, 32),
	(116, 37),
	(117, 34),
	(117, 36),
	(117, 37),
	(117, 42),
	(118, 23),
	(118, 28),
	(118, 34),
	(118, 39),
	(118, 40),
	(119, 25),
	(119, 29),
	(119, 37),
	(119, 38);
/*!40000 ALTER TABLE `product_wishlist` ENABLE KEYS */;

-- Listage de la structure de la table roost. review
DROP TABLE IF EXISTS `review`;
CREATE TABLE IF NOT EXISTS `review` (
  `id` int(11) NOT NULL AUTO_INCREMENT,
  `product_id` int(11) NOT NULL,
  `user_id` int(11) DEFAULT NULL,
  `content` varchar(255) COLLATE utf8mb4_unicode_ci NOT NULL,
  `rate` int(11) NOT NULL,
  `created_at` datetime NOT NULL,
  `updated_at` datetime NOT NULL,
  PRIMARY KEY (`id`),
  KEY `IDX_794381C64584665A` (`product_id`),
  KEY `IDX_794381C6A76ED395` (`user_id`),
  CONSTRAINT `FK_794381C64584665A` FOREIGN KEY (`product_id`) REFERENCES `product` (`id`),
  CONSTRAINT `FK_794381C6A76ED395` FOREIGN KEY (`user_id`) REFERENCES `user` (`id`)
) ENGINE=InnoDB AUTO_INCREMENT=83 DEFAULT CHARSET=utf8mb4 COLLATE=utf8mb4_unicode_ci;

-- Listage des données de la table roost.review : ~42 rows (environ)
/*!40000 ALTER TABLE `review` DISABLE KEYS */;
INSERT INTO `review` (`id`, `product_id`, `user_id`, `content`, `rate`, `created_at`, `updated_at`) VALUES
	(41, 94, 27, 'Lorem ipsum dolor sit amet', 2, '2021-01-18 10:11:06', '2021-01-18 10:11:06'),
	(42, 80, 35, 'Lorem ipsum dolor sit amet', 0, '2021-04-15 12:19:52', '2021-04-15 12:19:52'),
	(43, 90, 35, 'Lorem ipsum dolor sit amet', 5, '2020-10-22 10:05:24', '2020-10-22 10:05:24'),
	(44, 85, 34, 'Lorem ipsum dolor sit amet', 4, '2020-11-29 19:05:07', '2020-11-29 19:05:07'),
	(45, 69, 38, 'Lorem ipsum dolor sit amet', 1, '2021-02-23 08:20:19', '2021-02-23 08:20:19'),
	(46, 118, 40, 'Lorem ipsum dolor sit amet', 3, '2021-02-14 14:49:14', '2021-02-14 14:49:14'),
	(47, 107, 27, 'Lorem ipsum dolor sit amet', 4, '2020-12-12 02:37:34', '2020-12-12 02:37:34'),
	(48, 66, 38, 'Lorem ipsum dolor sit amet', 3, '2021-03-02 01:08:19', '2021-03-02 01:08:19'),
	(49, 81, 23, 'Lorem ipsum dolor sit amet', 0, '2020-09-02 22:08:58', '2020-09-02 22:08:58'),
	(50, 79, 23, 'Lorem ipsum dolor sit amet', 3, '2020-11-05 04:53:34', '2020-11-05 04:53:34'),
	(51, 62, 34, 'Lorem ipsum dolor sit amet', 3, '2020-10-09 05:04:58', '2020-10-09 05:04:58'),
	(52, 103, 41, 'Lorem ipsum dolor sit amet', 5, '2021-02-23 04:13:29', '2021-02-23 04:13:29'),
	(53, 92, 40, 'Lorem ipsum dolor sit amet', 1, '2020-09-06 19:16:42', '2020-09-06 19:16:42'),
	(54, 96, 22, 'Lorem ipsum dolor sit amet', 3, '2020-11-14 11:15:28', '2020-11-14 11:15:28'),
	(55, 103, 34, 'Lorem ipsum dolor sit amet', 4, '2021-02-27 09:09:35', '2021-02-27 09:09:35'),
	(56, 119, 26, 'Lorem ipsum dolor sit amet', 5, '2020-12-25 00:23:29', '2020-12-25 00:23:29'),
	(57, 114, 26, 'Lorem ipsum dolor sit amet', 0, '2021-02-10 20:43:15', '2021-02-10 20:43:15'),
	(58, 64, 29, 'Lorem ipsum dolor sit amet', 1, '2020-12-19 12:33:34', '2020-12-19 12:33:34'),
	(59, 87, 29, 'Lorem ipsum dolor sit amet', 0, '2021-01-20 08:05:23', '2021-01-20 08:05:23'),
	(60, 66, 35, 'Lorem ipsum dolor sit amet', 4, '2020-10-18 04:59:33', '2020-10-18 04:59:33'),
	(61, 72, 23, 'Lorem ipsum dolor sit amet', 5, '2020-10-23 08:34:34', '2020-10-23 08:34:34'),
	(62, 113, 39, 'Lorem ipsum dolor sit amet', 5, '2021-02-19 14:00:09', '2021-02-19 14:00:09'),
	(63, 65, 36, 'Lorem ipsum dolor sit amet', 0, '2021-01-22 05:02:28', '2021-01-22 05:02:28'),
	(64, 80, 27, 'Lorem ipsum dolor sit amet', 3, '2021-04-05 17:02:30', '2021-04-05 17:02:30'),
	(65, 81, 24, 'Lorem ipsum dolor sit amet', 5, '2020-12-14 14:40:14', '2020-12-14 14:40:14'),
	(66, 64, 30, 'Lorem ipsum dolor sit amet', 3, '2021-01-13 12:06:50', '2021-01-13 12:06:50'),
	(67, 77, 36, 'Lorem ipsum dolor sit amet', 2, '2021-03-28 18:56:51', '2021-03-28 18:56:51'),
	(68, 66, 26, 'Lorem ipsum dolor sit amet', 1, '2021-01-23 20:01:56', '2021-01-23 20:01:56'),
	(69, 109, 37, 'Lorem ipsum dolor sit amet', 4, '2021-04-06 10:15:41', '2021-04-06 10:15:41'),
	(70, 92, 23, 'Lorem ipsum dolor sit amet', 5, '2020-10-19 00:23:41', '2020-10-19 00:23:41'),
	(71, 114, 42, 'Lorem ipsum dolor sit amet', 3, '2020-10-29 09:21:53', '2020-10-29 09:21:53'),
	(72, 120, 39, 'Lorem ipsum dolor sit amet', 4, '2020-12-14 10:45:16', '2020-12-14 10:45:16'),
	(73, 114, 32, 'Lorem ipsum dolor sit amet', 0, '2021-02-28 20:12:02', '2021-02-28 20:12:02'),
	(74, 72, 36, 'Lorem ipsum dolor sit amet', 4, '2020-11-28 20:30:18', '2020-11-28 20:30:18'),
	(75, 97, 32, 'Lorem ipsum dolor sit amet', 0, '2020-12-21 16:26:44', '2020-12-21 16:26:44'),
	(76, 87, 40, 'Lorem ipsum dolor sit amet', 1, '2020-09-07 00:53:12', '2020-09-07 00:53:12'),
	(77, 119, 31, 'Lorem ipsum dolor sit amet', 4, '2021-01-10 02:58:34', '2021-01-10 02:58:34'),
	(78, 90, 33, 'Lorem ipsum dolor sit amet', 2, '2020-12-26 14:32:23', '2020-12-26 14:32:23'),
	(79, 82, 29, 'Lorem ipsum dolor sit amet', 4, '2020-12-28 10:18:42', '2020-12-28 10:18:42'),
	(80, 77, 23, 'Lorem ipsum dolor sit amet', 2, '2020-12-26 09:35:40', '2020-12-26 09:35:40'),
	(81, 74, 22, 'test', 2, '2021-04-16 22:57:16', '2021-04-16 22:57:16'),
	(82, 120, 23, 'Lorem ipsum dolor sit amet', 4, '2021-04-17 10:46:17', '2021-04-17 10:46:18');
/*!40000 ALTER TABLE `review` ENABLE KEYS */;

-- Listage de la structure de la table roost. tag
DROP TABLE IF EXISTS `tag`;
CREATE TABLE IF NOT EXISTS `tag` (
  `id` int(11) NOT NULL AUTO_INCREMENT,
  `name` varchar(255) COLLATE utf8mb4_unicode_ci NOT NULL,
  `slug` varchar(255) COLLATE utf8mb4_unicode_ci NOT NULL,
  `type` varchar(12) COLLATE utf8mb4_unicode_ci NOT NULL,
  `slug_type` varchar(255) COLLATE utf8mb4_unicode_ci NOT NULL,
  PRIMARY KEY (`id`)
) ENGINE=InnoDB AUTO_INCREMENT=37 DEFAULT CHARSET=utf8mb4 COLLATE=utf8mb4_unicode_ci;

-- Listage des données de la table roost.tag : ~18 rows (environ)
/*!40000 ALTER TABLE `tag` DISABLE KEYS */;
INSERT INTO `tag` (`id`, `name`, `slug`, `type`, `slug_type`) VALUES
	(19, 'Bureau', 'bureau', 'Pièce', 'piece'),
	(20, 'Cuisine', 'cuisine', 'Pièce', 'piece'),
	(21, 'Chambre', 'chambre', 'Pièce', 'piece'),
	(22, 'Salle de bain', 'salle-de-bain', 'Pièce', 'piece'),
	(23, 'Jardin', 'jardin', 'Pièce', 'piece'),
	(24, 'Salon', 'salon', 'Pièce', 'piece'),
	(25, 'Salle à manger', 'salle-a-manger', 'Pièce', 'piece'),
	(26, 'Métal', 'metal', 'Style', 'style'),
	(27, 'Verre', 'verre', 'Style', 'style'),
	(28, 'Tissu', 'tissu', 'Style', 'style'),
	(29, 'Bois', 'bois', 'Style', 'style'),
	(30, 'Marbre', 'marbre', 'Style', 'style'),
	(31, 'Velours', 'velours', 'Style', 'style'),
	(32, 'Céramique', 'ceramique', 'Style', 'style'),
	(33, 'Lin', 'lin', 'Style', 'style'),
	(34, 'Cuivre', 'cuivre', 'Style', 'style'),
	(35, 'Béton', 'beton', 'Style', 'style'),
	(36, 'Rotin', 'rotin', 'Style', 'style');
/*!40000 ALTER TABLE `tag` ENABLE KEYS */;

-- Listage de la structure de la table roost. user
DROP TABLE IF EXISTS `user`;
CREATE TABLE IF NOT EXISTS `user` (
  `id` int(11) NOT NULL AUTO_INCREMENT,
  `wishlist_id` int(11) DEFAULT NULL,
  `username` varchar(180) COLLATE utf8mb4_unicode_ci NOT NULL,
  `roles` json NOT NULL,
  `password` varchar(255) COLLATE utf8mb4_unicode_ci NOT NULL,
  `email` varchar(180) COLLATE utf8mb4_unicode_ci NOT NULL,
  `title` varchar(4) COLLATE utf8mb4_unicode_ci DEFAULT NULL,
  `firstname` varchar(25) COLLATE utf8mb4_unicode_ci DEFAULT NULL,
  `lastname` varchar(25) COLLATE utf8mb4_unicode_ci DEFAULT NULL,
  `birthdate` datetime DEFAULT NULL,
  `phone` varchar(12) COLLATE utf8mb4_unicode_ci DEFAULT NULL,
  `address` varchar(255) COLLATE utf8mb4_unicode_ci DEFAULT NULL,
  `zipcode` varchar(5) COLLATE utf8mb4_unicode_ci DEFAULT NULL,
  `city` varchar(255) COLLATE utf8mb4_unicode_ci DEFAULT NULL,
  `is_subscribed` tinyint(1) NOT NULL,
  `is_contact_mail` tinyint(1) DEFAULT NULL,
  `is_contact_sms` tinyint(1) DEFAULT NULL,
  `registration` datetime NOT NULL,
  PRIMARY KEY (`id`),
  UNIQUE KEY `UNIQ_8D93D649F85E0677` (`username`),
  UNIQUE KEY `UNIQ_8D93D649FB8E54CD` (`wishlist_id`),
  CONSTRAINT `FK_8D93D649FB8E54CD` FOREIGN KEY (`wishlist_id`) REFERENCES `wishlist` (`id`)
) ENGINE=InnoDB AUTO_INCREMENT=44 DEFAULT CHARSET=utf8mb4 COLLATE=utf8mb4_unicode_ci;

-- Listage des données de la table roost.user : ~22 rows (environ)
/*!40000 ALTER TABLE `user` DISABLE KEYS */;
INSERT INTO `user` (`id`, `wishlist_id`, `username`, `roles`, `password`, `email`, `title`, `firstname`, `lastname`, `birthdate`, `phone`, `address`, `zipcode`, `city`, `is_subscribed`, `is_contact_mail`, `is_contact_sms`, `registration`) VALUES
	(22, 22, 'admin', '["ROLE_ADMIN"]', '$argon2id$v=19$m=65536,t=4,p=1$a21vR1RvM0YwaGdTUXdGbA$tlOC9aSlTlV7U9cJUG0wMCmhW8OCraRojFaooqIBC8U', 'admin@gmail.com', NULL, NULL, NULL, NULL, NULL, NULL, NULL, NULL, 0, 1, 0, '2021-04-16 21:36:27'),
	(23, 23, 'user1', '[]', '$argon2id$v=19$m=65536,t=4,p=1$WDJGM3U1TEtYdnVsVjYvVw$Nq13obNapJQNRgBYoXvSIHr2W6uFa5hdvVYpusZtSaw', 'user1@gmail.com', 'Mr', 'User', 'User', NULL, '+32000000000', 'Place de l\'Ecole des Cadets', '5000', 'Namur', 0, 1, 1, '2021-04-16 21:36:28'),
	(24, 24, 'user2', '[]', '$argon2id$v=19$m=65536,t=4,p=1$NEk0NjI3THVBWk1QM3lxSQ$iIrwsldrMlsaWMUGmXiLDcA96YeXPVlYi303Z+83FMg', 'user2@gmail.com', NULL, NULL, NULL, NULL, NULL, NULL, NULL, NULL, 0, 1, 0, '2021-04-16 21:36:28'),
	(25, 25, 'user3', '[]', '$argon2id$v=19$m=65536,t=4,p=1$WDViU0x1ZUxDQ3VKZDdGRg$51leiLjhDt+7ZuNMHi6CRq+QDPPbTxyYuin+NAQgSQo', 'user3@gmail.com', NULL, NULL, NULL, NULL, NULL, NULL, NULL, NULL, 0, 1, 1, '2021-04-16 21:36:28'),
	(26, 26, 'user4', '[]', '$argon2id$v=19$m=65536,t=4,p=1$cnJrdG5BYWYydWFEQkxIUw$pOinK24uZ6kcAdElbMo2LSdsk03uPDh6ecl8MUT72D8', 'user4@gmail.com', NULL, NULL, NULL, NULL, NULL, NULL, NULL, NULL, 0, 1, 0, '2021-04-16 21:36:28'),
	(27, 27, 'user5', '[]', '$argon2id$v=19$m=65536,t=4,p=1$NHBTeE9OLkx0N0pGRkhkcQ$8mV3OEiePW5SiWBCh/sDInhnwzQh9np05ArkVmVPYtI', 'user5@gmail.com', NULL, NULL, NULL, NULL, NULL, NULL, NULL, NULL, 0, 1, 1, '2021-04-16 21:36:29'),
	(28, 28, 'user6', '[]', '$argon2id$v=19$m=65536,t=4,p=1$MENxZFhNTTAxcEQ0dmZGVA$5vSIaVZOqfxXxVEuNTfbeM2UGdLtslHyrZzU6BgOrSA', 'user6@gmail.com', NULL, NULL, NULL, NULL, NULL, NULL, NULL, NULL, 0, 1, 1, '2021-04-16 21:36:29'),
	(29, 29, 'user7', '[]', '$argon2id$v=19$m=65536,t=4,p=1$RVRQRVljU0ZSMUF4T1YuMw$8c1lRprbpWxLFYS+jnWwbn11CaiQ+TaBJkk+7LzwY+w', 'user7@gmail.com', NULL, NULL, NULL, NULL, NULL, NULL, NULL, NULL, 1, 0, 0, '2021-04-16 21:36:29'),
	(30, 30, 'user8', '[]', '$argon2id$v=19$m=65536,t=4,p=1$WFoxY2NLZkNOSnJ4SDhubQ$JS3WZTMWMExSPs3jLBUOj6Dx4iuoqUii1GYgZ8tXw9A', 'user8@gmail.com', NULL, NULL, NULL, NULL, NULL, NULL, NULL, NULL, 1, 0, 1, '2021-04-16 21:36:29'),
	(31, 31, 'user9', '[]', '$argon2id$v=19$m=65536,t=4,p=1$eU9FcERJdVNkVHoxbVNWRQ$CB+Im6CLrDLOQe3MSUkiCwNKo4c8I3AS166SYdX4OIQ', 'user9@gmail.com', NULL, NULL, NULL, NULL, NULL, NULL, NULL, NULL, 0, 0, 1, '2021-04-16 21:36:30'),
	(32, 32, 'user10', '[]', '$argon2id$v=19$m=65536,t=4,p=1$R1NvdEpXT1NWd2lBLzhMMA$xUBEgPI7WK/Apxaf4/ZOOYMwfukgtCOj7GAZIy+AwCc', 'user10@gmail.com', NULL, NULL, NULL, NULL, NULL, NULL, NULL, NULL, 1, 0, 1, '2021-04-16 21:36:30'),
	(33, 33, 'user11', '[]', '$argon2id$v=19$m=65536,t=4,p=1$ZkJaZnBTRVpjZGRjd2tzVw$5re+RV/yNquyGwz5dZqkOx0y9KgxVP2DuIOQOZxc9Fo', 'user11@gmail.com', NULL, NULL, NULL, NULL, NULL, NULL, NULL, NULL, 0, 1, 1, '2021-04-16 21:36:30'),
	(34, 34, 'user12', '[]', '$argon2id$v=19$m=65536,t=4,p=1$aTlQa3l1YTMwRUgydzl5Mg$h73U37mO4UH6COhK4EAdPniFhXslxN5x83wuTllTNFE', 'user12@gmail.com', NULL, NULL, NULL, NULL, NULL, NULL, NULL, NULL, 0, 0, 0, '2021-04-16 21:36:31'),
	(35, 35, 'user13', '[]', '$argon2id$v=19$m=65536,t=4,p=1$TngyUlcxL29FcHg3aUZ5Wg$XqdtaV4N9mSiVlIRKCueMzRLFHJRTHX5o3xAV8GmVhk', 'user13@gmail.com', NULL, NULL, NULL, NULL, NULL, NULL, NULL, NULL, 1, 0, 1, '2021-04-16 21:36:31'),
	(36, 36, 'user14', '[]', '$argon2id$v=19$m=65536,t=4,p=1$UUpna2VZQS9WRjZiQzJVSw$E9DbCiLWIIN/3vLhmcUzF5J+1y3fVs56oqMQsyUdKCo', 'user14@gmail.com', NULL, NULL, NULL, NULL, NULL, NULL, NULL, NULL, 1, 1, 0, '2021-04-16 21:36:31'),
	(37, 37, 'user15', '[]', '$argon2id$v=19$m=65536,t=4,p=1$Y1AxN2xiQ2NpSUJoMFhIMg$p6GGnogO1x7/zqlS2BsZ7sQDHN9Lw5pm0QebJrgiIHA', 'user15@gmail.com', NULL, NULL, NULL, NULL, NULL, NULL, NULL, NULL, 0, 0, 0, '2021-04-16 21:36:31'),
	(38, 38, 'user16', '[]', '$argon2id$v=19$m=65536,t=4,p=1$aUJ4SDB2LjhtVVVuVDhiNA$b3Ix3fVfwqzjLq+OrLiTQkMzeZgoH32BNkwL4PWqefs', 'user16@gmail.com', NULL, NULL, NULL, NULL, NULL, NULL, NULL, NULL, 1, 1, 0, '2021-04-16 21:36:32'),
	(39, 39, 'user17', '[]', '$argon2id$v=19$m=65536,t=4,p=1$UEtzamMwSTdMNG0uS3EwcQ$beAX17i+bEIW/Oneki71rgjgR1sacwzK+JurB77ysi0', 'user17@gmail.com', NULL, NULL, NULL, NULL, NULL, NULL, NULL, NULL, 0, 1, 0, '2021-04-16 21:36:32'),
	(40, 40, 'user18', '[]', '$argon2id$v=19$m=65536,t=4,p=1$YlpYdXpwNG5sT000c0VBaA$yLafgPWxK3Z3tOQsy+onJb9acPM9kXBg8BmNlwP4hUo', 'user18@gmail.com', NULL, NULL, NULL, NULL, NULL, NULL, NULL, NULL, 1, 0, 1, '2021-04-16 21:36:32'),
	(41, 41, 'user19', '[]', '$argon2id$v=19$m=65536,t=4,p=1$aHdGTWI0dElNcWh0VTFkaA$LkkXw5Ly9hvQCrpODchouuijeKhpq3q/i4NjRh8Hi7o', 'user19@gmail.com', NULL, NULL, NULL, NULL, NULL, NULL, NULL, NULL, 0, 0, 1, '2021-04-16 21:36:33'),
	(42, 42, 'user20', '[]', '$argon2id$v=19$m=65536,t=4,p=1$bktNdGZPZnNteWgwakVkUw$FK3BFz0Z9MhDN8DptQ5yaM6o64wdIgxdkXC7sSu9zoA', 'user20@gmail.com', NULL, NULL, NULL, NULL, NULL, NULL, NULL, NULL, 0, 1, 1, '2021-04-16 21:36:33'),
	(43, 43, 'LauraR', '[]', '$argon2id$v=19$m=65536,t=4,p=1$WFlDNlZwQ1hJWjVWOGFrWQ$bs9kubu/CYRPoykja/wM8LVfMQ6bjU3N8Tev9tfL2ew', 'lr.roost@gmail.com', 'Mrs', 'Laura', 'Roost', '1989-09-15 00:00:00', '+32494479065', 'Rue Van Opré', '5100', 'Jambes', 1, 1, 0, '2021-04-16 00:00:00');
/*!40000 ALTER TABLE `user` ENABLE KEYS */;

-- Listage de la structure de la table roost. wishlist
DROP TABLE IF EXISTS `wishlist`;
CREATE TABLE IF NOT EXISTS `wishlist` (
  `id` int(11) NOT NULL AUTO_INCREMENT,
  `created_at` datetime NOT NULL,
  `updated_at` datetime NOT NULL,
  PRIMARY KEY (`id`)
) ENGINE=InnoDB AUTO_INCREMENT=44 DEFAULT CHARSET=utf8mb4 COLLATE=utf8mb4_unicode_ci;

-- Listage des données de la table roost.wishlist : ~22 rows (environ)
/*!40000 ALTER TABLE `wishlist` DISABLE KEYS */;
INSERT INTO `wishlist` (`id`, `created_at`, `updated_at`) VALUES
	(22, '2021-04-16 21:36:33', '2021-04-16 21:36:33'),
	(23, '2021-04-16 21:36:33', '2021-04-16 21:36:33'),
	(24, '2021-04-16 21:36:33', '2021-04-16 21:36:33'),
	(25, '2021-04-16 21:36:33', '2021-04-16 21:36:33'),
	(26, '2021-04-16 21:36:33', '2021-04-16 21:36:33'),
	(27, '2021-04-16 21:36:33', '2021-04-16 21:36:33'),
	(28, '2021-04-16 21:36:33', '2021-04-16 21:36:33'),
	(29, '2021-04-16 21:36:33', '2021-04-16 21:36:33'),
	(30, '2021-04-16 21:36:33', '2021-04-16 21:36:33'),
	(31, '2021-04-16 21:36:33', '2021-04-16 21:36:33'),
	(32, '2021-04-16 21:36:33', '2021-04-16 21:36:33'),
	(33, '2021-04-16 21:36:33', '2021-04-16 21:36:33'),
	(34, '2021-04-16 21:36:33', '2021-04-16 21:36:33'),
	(35, '2021-04-16 21:36:33', '2021-04-16 21:36:33'),
	(36, '2021-04-16 21:36:33', '2021-04-16 21:36:33'),
	(37, '2021-04-16 21:36:33', '2021-04-16 21:36:33'),
	(38, '2021-04-16 21:36:33', '2021-04-16 21:36:33'),
	(39, '2021-04-16 21:36:33', '2021-04-16 21:36:33'),
	(40, '2021-04-16 21:36:33', '2021-04-16 21:36:33'),
	(41, '2021-04-16 21:36:33', '2021-04-16 21:36:33'),
	(42, '2021-04-16 21:36:33', '2021-04-16 21:36:33'),
	(43, '2021-04-16 21:43:18', '2021-04-16 21:45:55');
/*!40000 ALTER TABLE `wishlist` ENABLE KEYS */;

/*!40101 SET SQL_MODE=IFNULL(@OLD_SQL_MODE, '') */;
/*!40014 SET FOREIGN_KEY_CHECKS=IF(@OLD_FOREIGN_KEY_CHECKS IS NULL, 1, @OLD_FOREIGN_KEY_CHECKS) */;
/*!40101 SET CHARACTER_SET_CLIENT=@OLD_CHARACTER_SET_CLIENT */;
